DATE,OPEN,HIGH,LOW,CLOSE
7/1/2014,22769,22769,22564,22615
7/2/2014,22769,22923,22615,22923
7/3/2014,22974,23590,22974,23436
7/4/2014,23590,23590,23333,23487
7/7/2014,23487,24103,23487,24103
7/8/2014,24103,24103,23538,23897
7/9/2014,23897,24103,23897,24000
7/10/2014,24000,24000,23487,23590
7/11/2014,23333,23538,22821,23231
7/14/2014,23231,23538,23128,23333
7/15/2014,23333,23487,23180,23231
7/16/2014,23538,23538,23077,23077
7/17/2014,23128,23333,22974,23282
7/18/2014,23077,23231,22821,23231
7/21/2014,23231,23231,22821,22872
7/22/2014,23077,23077,22615,22718
7/23/2014,23026,23026,22564,22718
7/24/2014,22872,23231,22667,23180
7/25/2014,23231,23487,23180,23180
7/28/2014,23077,23128,22410,22410
7/29/2014,22359,22564,22308,22410
7/30/2014,22513,22513,22256,22410
7/31/2014,22359,22564,22256,22256
8/1/2014,22103,22462,21949,21949
8/4/2014,21897,22051,21795,21795
8/5/2014,21692,21795,21487,21744
8/6/2014,21949,22308,21641,22205
8/7/2014,22103,22103,21590,21692
8/8/2014,21744,21744,21282,21590
8/11/2014,21538,22000,21538,21795
8/12/2014,21795,22051,21692,21744
8/13/2014,21590,21846,21538,21846
8/14/2014,21949,21949,21538,21538
8/15/2014,21795,21795,21538,21692
8/18/2014,21590,21744,21436,21538
8/19/2014,21641,21692,21538,21538
8/20/2014,21590,21590,21282,21282
8/21/2014,21487,21795,21333,21590
8/22/2014,21795,22256,21795,22051
8/25/2014,22000,22769,22000,22615
8/26/2014,22615,23231,22564,22872
8/27/2014,22872,23077,22564,23077
8/28/2014,22872,24103,22872,23590
8/29/2014,23590,23744,23077,23180
9/3/2014,23180,23897,23077,23077
9/4/2014,22821,23128,22821,22923
9/5/2014,23077,23077,22923,23077
9/8/2014,23077,23077,22923,23026
9/9/2014,23026,23026,22564,22667
9/10/2014,22205,22821,22205,22667
9/11/2014,22667,22769,22564,22769
9/12/2014,22872,22872,22718,22769
9/15/2014,22769,22769,22513,22564
9/16/2014,22462,22564,22256,22256
9/17/2014,22359,23128,22359,23026
9/18/2014,23026,23026,22462,22513
9/19/2014,22513,22615,21897,21897
9/22/2014,21949,22462,21949,22154
9/23/2014,22410,22410,22000,22051
9/24/2014,22051,22308,21846,21846
9/25/2014,21846,22051,21795,22000
9/26/2014,22051,22718,22051,22564
9/29/2014,22308,22615,22308,22410
9/30/2014,22308,22718,22308,22513
10/1/2014,22564,22667,22513,22564
10/2/2014,22564,22615,22410,22564
10/3/2014,22667,23180,22667,23077
10/6/2014,23128,23897,23077,23692
10/7/2014,23692,23744,23333,23333
10/8/2014,23180,23180,22974,23128
10/9/2014,23077,24462,22974,24256
10/10/2014,24256,25077,24000,24667
10/13/2014,24513,24872,24513,24667
10/14/2014,24615,24667,24359,24359
10/15/2014,24051,24513,24051,24513
10/16/2014,24410,24410,23590,24051
10/17/2014,24000,24821,23795,24821
10/20/2014,24923,26154,24923,25897
10/21/2014,25641,26154,25641,25897
10/22/2014,25538,25897,25436,25641
10/23/2014,25538,25538,25180,25333
10/24/2014,25590,25590,24923,25231
10/27/2014,25077,25128,24615,24615
10/28/2014,24154,25128,24154,25128
10/29/2014,25128,25590,25128,25538
10/30/2014,25590,25590,25128,25436
10/31/2014,25436,25590,25385,25590
11/3/2014,25590,26923,25590,26667
11/4/2014,26667,26667,25641,25641
11/5/2014,25641,25897,25436,25897
11/6/2014,25641,26154,25641,25897
11/7/2014,25641,26667,25538,26154
11/10/2014,26154,27436,26154,26667
11/11/2014,26667,26667,25897,26410
11/12/2014,26154,26154,25590,25897
11/13/2014,25436,25641,25385,25436
11/14/2014,25538,25538,24718,24923
11/17/2014,24872,25538,24872,25026
11/18/2014,25077,25897,25077,25538
11/19/2014,25538,25538,25026,25077
11/20/2014,25077,25128,24923,25077
11/21/2014,25077,25282,24872,24923
11/24/2014,25026,25026,24564,24769
11/25/2014,24769,25538,24615,25538
11/26/2014,25641,25897,25128,25487
11/27/2014,25128,25641,24872,25641
11/28/2014,25385,25436,25026,25282
12/1/2014,25538,25641,25333,25385
12/2/2014,25385,25487,25231,25333
12/3/2014,25333,25333,25026,25128
12/4/2014,25026,25077,24821,24872
12/5/2014,25333,25385,24923,25026
12/8/2014,24769,25231,24615,25231
12/9/2014,25180,25231,24872,25077
12/10/2014,25077,25333,25077,25333
12/11/2014,24923,25385,24923,25385
12/12/2014,25385,25385,25282,25333
12/15/2014,25231,25231,25026,25128
12/16/2014,25128,25128,24103,24513
12/17/2014,24872,24872,22821,22974
12/18/2014,22872,23846,22872,23538
12/19/2014,23692,23692,23077,23231
12/22/2014,22564,24103,22564,24103
12/23/2014,23641,24256,23590,23949
12/24/2014,24154,24513,24051,24205
12/25/2014,23846,24615,23795,24154
12/26/2014,24359,24359,23590,24154
12/29/2014,24256,24256,23692,24051
12/30/2014,23641,24308,23641,24103
12/31/2014,24103,24410,24103,24359
1/5/2015,24564,24564,24103,24103
1/6/2015,24103,24103,23744,24103
1/7/2015,24103,24872,23949,24308
1/8/2015,24615,24615,24000,24359
1/9/2015,24359,24410,24205,24256
1/12/2015,24513,24513,24103,24154
1/13/2015,24205,24205,24051,24103
1/14/2015,24103,24103,23897,24103
1/15/2015,23949,24103,23897,24103
1/16/2015,24205,24769,24154,24205
1/19/2015,24308,24615,23744,24308
1/20/2015,24308,24308,23897,23897
1/21/2015,24103,24103,23385,23385
1/22/2015,23282,23333,22667,22872
1/23/2015,22821,23590,22564,23077
1/26/2015,23487,23487,22769,22769
1/27/2015,22974,23026,22667,22769
1/28/2015,22769,22974,22667,22821
1/29/2015,22821,22821,22564,22821
1/30/2015,22718,22718,22103,22103
2/2/2015,22564,22821,21846,22051
2/3/2015,22051,22051,20718,20769
2/4/2015,20923,20923,20308,20308
2/5/2015,20308,20718,20256,20410
2/6/2015,20513,20564,20256,20308
2/9/2015,20308,20718,20103,20154
2/10/2015,20000,20000,19744,19846
2/11/2015,19744,20308,19744,20308
2/12/2015,20718,20718,20308,20308
2/13/2015,20308,20308,19897,20256
2/24/2015,20256,20410,20103,20308
2/25/2015,20205,20410,20154,20359
2/26/2015,20256,20359,20000,20205
2/27/2015,20205,20205,19897,20000
3/2/2015,19949,20000,19487,19744
3/3/2015,19744,19897,19692,19846
3/4/2015,20000,20359,20000,20359
3/5/2015,20359,20513,20256,20256
3/6/2015,20256,20256,19949,20103
3/9/2015,20051,20256,19795,19897
3/10/2015,20000,20000,19846,19897
3/11/2015,19897,19897,19795,19795
3/12/2015,19846,19846,19538,19692
3/13/2015,19744,19744,19487,19487
3/16/2015,19231,19487,19128,19385
3/17/2015,19231,19282,18923,19026
3/18/2015,19180,19180,18667,18667
3/19/2015,18667,18974,18564,18667
3/20/2015,18667,18667,17846,17846
3/23/2015,18615,18615,18154,18154
3/24/2015,18308,18308,18000,18154
3/25/2015,18000,18051,17538,17538
3/26/2015,17436,17538,16923,16974
3/27/2015,17077,17538,17077,17385
3/30/2015,17385,17590,16923,17180
3/31/2015,17180,17333,17077,17333
4/1/2015,17333,17333,16256,16410
4/2/2015,16410,17282,16359,17282
4/3/2015,17385,18256,17333,18256
4/6/2015,18410,18410,17846,17949
4/7/2015,17949,18051,17590,18051
4/8/2015,18103,18308,17846,18154
4/9/2015,17846,18205,17846,18103
4/10/2015,18103,18410,18103,18308
4/13/2015,18359,18359,18103,18154
4/14/2015,18154,18308,18103,18205
4/15/2015,18205,18923,18205,18923
4/16/2015,18872,19436,18821,19128
4/17/2015,19128,19282,18872,19026
4/20/2015,18974,19231,18923,18974
4/21/2015,18923,19180,18872,19128
4/22/2015,19026,19897,19026,19795
4/23/2015,19795,19949,19282,19385
4/24/2015,19385,19744,19333,19333
4/27/2015,19641,19641,19333,19385
5/4/2015,11136,11136,10344,10344
5/5/2015,10344,10842,10227,10842
5/6/2015,10725,10842,10608,10608
5/7/2015,10608,10872,10608,10813
5/8/2015,10960,10960,10813,10842
5/11/2015,10842,10901,10725,10872
5/12/2015,10842,10872,10784,10842
5/13/2015,10813,10813,10579,10579
5/14/2015,10579,10784,10579,10784
5/15/2015,10872,10872,10579,10579
5/18/2015,10344,10550,10315,10315
5/19/2015,10550,10608,10432,10520
5/20/2015,10403,10813,10403,10550
5/21/2015,10784,10784,10608,10725
5/22/2015,10696,10725,10667,10696
5/25/2015,10755,10784,10579,10725
5/26/2015,10901,10901,10491,10491
5/27/2015,10491,10696,10491,10550
5/28/2015,10579,10608,10520,10550
5/29/2015,10520,10813,10491,10725
6/1/2015,10784,10930,10725,10784
6/2/2015,10784,10872,10755,10755
6/3/2015,10755,11077,10755,10960
6/4/2015,10872,11077,10842,10842
6/5/2015,10842,11048,10842,11018
6/8/2015,11253,11253,10960,10960
6/9/2015,10960,11692,10960,11311
6/10/2015,11311,11956,11311,11956
6/11/2015,12161,12777,12103,12747
6/12/2015,12777,12835,12308,12366
6/15/2015,12132,12718,12132,12571
6/16/2015,12454,12571,12278,12366
6/17/2015,12308,12659,12249,12454
6/18/2015,12308,12571,12190,12308
6/19/2015,12308,12513,12278,12425
6/22/2015,12308,12484,12190,12190
6/23/2015,12249,12366,12190,12308
6/24/2015,12396,12454,12278,12396
6/25/2015,12454,12571,12337,12542
6/26/2015,12542,12630,11722,11722
6/29/2015,11722,12337,11722,12308
6/30/2015,12190,12601,12190,12454
7/1/2015,12249,12454,11868,12308
7/2/2015,12190,12396,12161,12308
7/3/2015,12308,12337,12249,12278
7/6/2015,12161,12454,12161,12308
7/7/2015,12308,12894,12308,12718
7/8/2015,12747,12747,12454,12689
7/9/2015,12601,12689,12454,12513
7/10/2015,12601,12894,12601,12835
7/13/2015,12777,12894,12630,12835
7/14/2015,12894,12894,12718,12894
7/15/2015,12894,13011,12747,12777
7/16/2015,12689,12777,12454,12689
7/17/2015,12835,12923,12718,12777
7/20/2015,12689,12689,12484,12513
7/21/2015,12454,12630,12454,12513
7/22/2015,12454,12747,12454,12747
7/23/2015,12718,12747,12542,12571
7/24/2015,12718,13450,12601,13450
7/27/2015,13744,14300,13626,13949
7/28/2015,13949,14037,13450,13450
7/29/2015,13187,13216,12513,12571
7/30/2015,12454,12601,12308,12337
7/31/2015,12337,12601,12337,12425
8/3/2015,12278,12308,11722,12103
8/4/2015,12132,12220,12073,12190
8/5/2015,12278,12366,12190,12220
8/6/2015,12220,12425,12220,12308
8/7/2015,12308,12454,12249,12454
8/10/2015,12513,12864,12513,12747
8/11/2015,12747,12923,12689,12806
8/12/2015,12747,12806,12484,12542
8/13/2015,12513,12542,12278,12337
8/14/2015,12454,12601,12308,12571
8/17/2015,12454,12571,12308,12454
8/18/2015,12454,12747,12366,12747
8/19/2015,12689,12718,12425,12718
8/20/2015,12718,12718,12484,12601
8/21/2015,12601,12601,12308,12454
8/24/2015,11927,12161,11604,11604
8/25/2015,11604,11985,10813,11341
8/26/2015,11634,12132,11604,12132
8/27/2015,12132,12571,12015,12571
8/28/2015,12601,12630,12337,12484
8/31/2015,12484,12484,12161,12161
9/1/2015,12308,12308,12103,12103
9/3/2015,12103,12103,11810,11868
9/4/2015,11927,11927,11692,11751
9/7/2015,11780,11780,11575,11634
9/8/2015,11634,11927,11634,11927
9/9/2015,11927,11985,11868,11927
9/10/2015,11810,12073,11722,12015
9/11/2015,12015,12044,11810,12015
9/14/2015,12015,12015,11722,11722
9/15/2015,11722,11810,11722,11722
9/16/2015,11839,11839,11722,11780
9/17/2015,11839,12044,11810,12044
9/18/2015,12073,12161,12015,12161
9/21/2015,12161,12249,12015,12161
9/22/2015,12161,12425,12161,12308
9/23/2015,12308,12308,12190,12249
9/24/2015,12220,12220,12073,12073
9/25/2015,12073,12073,11810,11985
9/28/2015,11868,11956,11810,11897
9/29/2015,11839,11927,11780,11927
9/30/2015,11868,11985,11839,11956
10/1/2015,11956,11985,11927,11985
10/2/2015,12015,12396,11956,12396
10/5/2015,12396,12425,12044,12308
10/6/2015,12454,12571,12337,12513
10/7/2015,12601,12601,12366,12396
10/8/2015,12396,12689,12337,12601
10/9/2015,12601,12689,12542,12601
10/12/2015,12630,12982,12630,12806
10/13/2015,12747,12806,12659,12718
10/14/2015,12718,12864,12718,12747
10/15/2015,12659,12923,12659,12835
10/16/2015,12835,12982,12835,12982
10/19/2015,13128,13187,12982,12982
10/20/2015,12894,13040,12630,12747
10/21/2015,12864,12894,12659,12718
10/22/2015,12747,12864,12659,12718
10/23/2015,12806,13187,12747,13187
10/26/2015,13216,13480,13216,13304
10/27/2015,13304,13861,13216,13744
10/28/2015,13744,13919,13480,13509
10/29/2015,13509,13773,13421,13538
10/30/2015,13626,13685,13480,13626
11/2/2015,13597,13597,13040,13040
11/3/2015,12982,13421,12777,13421
11/4/2015,13421,13421,13128,13128
11/5/2015,13070,13245,13070,13070
11/6/2015,13040,13187,12923,12982
11/9/2015,13040,13187,12806,13099
11/10/2015,13040,13158,12982,12982
11/11/2015,13040,13099,12982,13011
11/12/2015,13070,13070,12894,12894
11/13/2015,12952,12952,12835,12864
11/16/2015,12864,12894,12806,12894
11/17/2015,12894,13158,12864,13040
11/18/2015,13128,13128,12894,12894
11/19/2015,12894,12982,12864,12894
11/20/2015,12982,13011,12894,12894
11/23/2015,12894,12923,12747,12894
11/24/2015,12894,12894,12747,12835
11/25/2015,12835,12835,12601,12601
11/26/2015,12990,13143,12762,12762
11/27/2015,12762,12762,12076,12114
11/30/2015,12114,12381,12038,12076
12/1/2015,12076,12571,12076,12190
12/2/2015,12305,12419,12267,12305
12/3/2015,12381,12610,12305,12495
12/4/2015,12533,12533,12267,12305
12/7/2015,12381,12457,12305,12419
12/8/2015,12419,12495,12267,12419
12/9/2015,12495,12952,12495,12724
12/10/2015,12914,12914,12419,12419
12/11/2015,12571,12762,12495,12724
12/14/2015,12648,12800,12571,12648
12/15/2015,12648,12648,12457,12495
12/16/2015,12495,12724,12419,12495
12/17/2015,12686,12686,12419,12495
12/18/2015,12495,12648,12495,12533
12/21/2015,12686,12686,12419,12457
12/22/2015,12495,12495,12267,12267
12/23/2015,12267,12419,12152,12267
12/24/2015,12190,12381,12076,12114
12/25/2015,12000,12267,12000,12114
12/28/2015,12114,12190,11886,11962
12/29/2015,11924,12000,11886,12000
12/30/2015,12076,12229,12076,12190
12/31/2015,12152,12267,12000,12000
1/4/2016,12190,12381,12114,12267
1/5/2016,12381,12381,12076,12114
1/6/2016,12229,12267,12152,12190
1/7/2016,12152,12190,11924,12038
1/8/2016,11924,12038,11810,11962
1/11/2016,12038,12038,11848,11886
1/12/2016,11886,12038,11848,12038
1/13/2016,12000,12152,11886,11962
1/14/2016,11810,11962,11276,11467
1/15/2016,11467,11657,11200,11200
1/18/2016,10857,10857,10438,10590
1/19/2016,10743,10895,10667,10705
1/20/2016,10476,10857,10476,10514
1/21/2016,10438,10514,9790,9829
1/22/2016,9943,10095,9448,9600
1/25/2016,9714,10248,9714,10248
1/26/2016,10095,10400,9943,10210
1/27/2016,10286,10781,10286,10705
1/28/2016,10781,10971,10552,10819
1/29/2016,10933,10933,10705,10895
2/1/2016,10819,10971,10590,10590
2/2/2016,10590,10667,10476,10514
2/3/2016,10590,10590,10286,10552
2/4/2016,10667,10743,10552,10705
2/5/2016,10857,10857,10667,10705
2/15/2016,10705,10781,10629,10781
2/16/2016,10705,10895,10667,10781
2/17/2016,10781,11048,10781,10895
2/18/2016,10971,11010,10857,10895
2/19/2016,10895,10971,10819,10857
2/22/2016,10857,11314,10819,11124
2/23/2016,11200,11238,10971,11048
2/24/2016,10971,11086,10933,11048
2/25/2016,11048,11352,11048,11124
2/26/2016,11200,11505,11200,11505
2/29/2016,11505,12152,11505,11848
3/1/2016,11962,11962,11619,11657
3/2/2016,11733,11810,11657,11733
3/3/2016,11771,12038,11771,11886
3/4/2016,11886,12152,11810,11924
3/7/2016,12724,12724,12648,12724
3/8/2016,13333,13410,12876,13105
3/9/2016,13143,13143,12686,12914
3/10/2016,13067,13067,12838,12990
3/11/2016,12990,13524,12952,13219
3/14/2016,13333,13486,13257,13371
3/15/2016,13371,13410,13143,13181
3/16/2016,13181,13295,13105,13257
3/17/2016,13371,13752,13333,13448
3/18/2016,13638,13752,13600,13600
3/21/2016,13714,13752,13295,13448
3/22/2016,13448,13676,13448,13524
3/23/2016,13638,13638,13371,13486
3/24/2016,13448,13486,13181,13257
3/25/2016,13257,13257,12876,13143
3/28/2016,13181,13638,13143,13638
3/29/2016,13714,13905,13333,13486
3/30/2016,13333,13600,13333,13524
3/31/2016,13524,13524,13143,13143
4/1/2016,13143,13181,12762,13067
4/4/2016,13143,13524,13105,13257
4/5/2016,13257,13714,13257,13714
4/6/2016,13829,14171,13638,14171
4/7/2016,14476,14667,14362,14438
4/8/2016,14590,15352,14590,15086
4/11/2016,15276,15505,14933,15276
4/12/2016,15200,15314,15086,15086
4/13/2016,15086,15352,14971,15238
4/14/2016,14362,14629,14286,14286
4/15/2016,14324,14514,14286,14286
4/19/2016,14286,14324,14057,14095
4/20/2016,14819,15048,14667,15048
4/21/2016,15505,16076,15390,16076
4/22/2016,16076,16343,15886,16152
4/25/2016,16076,16152,15924,15924
4/26/2016,15924,16610,15771,16610
4/27/2016,16686,17143,16686,16990
4/28/2016,16952,17067,16876,16990
4/29/2016,17181,17981,17181,17905
5/4/2016,15733,16389,15569,16389
5/5/2016,17044,17372,16127,16127
5/6/2016,15930,16717,15930,16389
5/9/2016,16553,16717,15733,15733
5/10/2016,15537,16028,15176,15733
5/11/2016,15930,16028,15635,15832
5/12/2016,15963,15963,15569,15602
5/13/2016,15471,15569,14914,15143
5/16/2016,15143,15274,14684,14914
5/17/2016,15078,15700,14947,15438
5/18/2016,15635,15635,15274,15274
5/19/2016,15110,15537,15078,15406
5/20/2016,15504,15504,15242,15242
5/23/2016,15242,15373,15012,15012
5/24/2016,15012,15897,14881,15799
5/25/2016,15963,16061,15569,15569
5/26/2016,15569,15864,15569,15766
5/27/2016,15700,16356,15700,16258
5/30/2016,16389,16553,16127,16225
5/31/2016,17356,17356,17208,17356
6/1/2016,17749,18339,17700,18241
6/2/2016,18044,18437,17897,18339
6/3/2016,18388,18388,18093,18290
6/6/2016,18192,18241,17405,17749
6/7/2016,17749,18093,17749,18093
6/8/2016,18339,19322,18339,19126
6/9/2016,19273,19372,18978,19175
6/10/2016,19175,19912,19175,19667
6/13/2016,19814,20011,19175,19765
6/14/2016,19765,21142,19617,21092
6/15/2016,21142,21633,20502,20945
6/16/2016,20945,21338,20453,20453
6/17/2016,20158,20404,19077,19273
6/20/2016,19667,19962,19470,19765
6/21/2016,20109,20945,19962,20158
6/22/2016,19912,20257,19765,19962
6/23/2016,19863,20355,19863,19962
6/24/2016,19962,19962,18585,19077
6/27/2016,18978,19470,18536,19372
6/28/2016,19372,20011,19175,20011
6/29/2016,20011,20748,20011,20650
6/30/2016,20797,21142,20257,20306
7/1/2016,20109,20994,20011,20650
7/4/2016,20896,21633,20847,21633
7/5/2016,22223,22322,21387,21682
7/6/2016,21191,22027,21191,22027
7/7/2016,22371,22518,22125,22469
7/8/2016,22912,23010,22174,23010
7/11/2016,23108,23502,22027,22027
7/12/2016,22371,22420,21142,22125
7/13/2016,22420,22813,22272,22420
7/14/2016,22420,22469,20896,20896
7/15/2016,20650,20945,19765,20601
7/18/2016,20650,21977,20601,21977
7/19/2016,22125,22371,20896,21535
7/20/2016,21535,21633,20404,20404
7/21/2016,20650,20847,18978,18978
7/22/2016,18880,18978,17847,18732
7/25/2016,18782,19175,17847,18241
7/26/2016,18093,18634,17651,18536
7/27/2016,18634,19421,18487,19421
7/28/2016,19568,19863,19322,19667
7/29/2016,19421,19667,19322,19372
8/1/2016,19077,19077,18437,18585
8/2/2016,18142,18585,18093,18241
8/3/2016,18241,19126,18241,19126
8/4/2016,19126,19126,18585,18585
8/5/2016,18437,19126,18388,19027
8/8/2016,19077,19322,18929,19273
8/9/2016,19175,19568,19175,19372
8/10/2016,19322,20158,19273,20011
8/11/2016,20011,20552,19962,20502
8/12/2016,20748,20797,20060,20109
8/15/2016,19912,20306,19814,20306
8/16/2016,20355,20748,20306,20404
8/17/2016,20453,20552,20158,20453
8/18/2016,20502,20896,20404,20502
8/19/2016,20650,20650,20060,20060
8/22/2016,19962,20109,19224,19273
8/23/2016,18978,19765,18978,19765
8/24/2016,20060,20601,19814,20601
8/25/2016,20699,21092,20699,20896
8/26/2016,20994,21142,20699,20797
8/29/2016,20896,21191,20404,20404
8/30/2016,20306,21289,20306,21289
8/31/2016,21486,21633,21092,21338
9/1/2016,21240,21633,21092,21633
9/5/2016,22371,22371,21879,22125
9/6/2016,22223,22272,21682,21682
9/7/2016,21535,21584,21043,21486
9/8/2016,21486,21928,21437,21633
9/9/2016,21633,21830,21240,21535
9/12/2016,21240,21338,20650,20748
9/13/2016,20896,21461,20822,21387
9/14/2016,21387,21437,21068,21289
9/15/2016,21338,21412,21019,21068
9/16/2016,20994,21240,20650,20650
9/19/2016,20650,20994,20158,20207
9/20/2016,20158,20650,19740,20650
9/21/2016,20650,20920,20404,20699
9/22/2016,20847,20847,20404,20404
9/23/2016,20306,20502,20158,20404
9/26/2016,20404,20552,20183,20207
9/27/2016,20232,20380,20158,20281
9/28/2016,20453,20502,20281,20404
9/29/2016,20404,20797,20404,20650
9/30/2016,20576,20871,20453,20650
10/3/2016,20502,20650,20060,20158
10/4/2016,20158,20257,19224,19470
10/5/2016,19519,19716,19298,19322
10/6/2016,19396,19544,18880,18978
10/7/2016,19126,19150,18511,19027
10/10/2016,19126,19175,18192,18192
10/11/2016,18290,19126,17897,19077
10/12/2016,19175,19175,18708,18757
10/13/2016,18585,19126,18437,18683
10/14/2016,18585,19175,18585,18683
10/17/2016,18634,18880,18610,18683
10/18/2016,18683,18904,18536,18855
10/19/2016,19027,19470,18978,19347
10/20/2016,19470,19814,19175,19175
10/21/2016,19912,19912,19372,19372
10/24/2016,19421,19642,19224,19273
10/25/2016,19224,19470,18683,18757
10/26/2016,18757,19027,18536,18831
10/27/2016,18880,19052,18732,19027
10/28/2016,19077,19839,19027,19568
10/31/2016,19962,20084,19667,19691
11/1/2016,19667,20011,19593,20011
11/2/2016,19912,20109,19421,19421
11/3/2016,19322,19396,19101,19396
11/4/2016,19421,19790,19421,19691
11/7/2016,19912,20822,19716,20699
11/8/2016,20896,20994,20650,20650
11/9/2016,20502,20650,19568,20650
11/10/2016,21092,21387,20970,21092
11/11/2016,20945,21535,20920,21142
11/14/2016,21142,21830,21043,21732
11/15/2016,21732,21928,21658,21732
11/16/2016,21830,21879,21609,21633
11/17/2016,21437,21682,21240,21338
11/18/2016,21338,21854,21314,21854
11/21/2016,22100,22838,22027,22838
11/22/2016,23010,23084,22616,22764
11/23/2016,22666,22912,22469,22838
11/24/2016,22838,23502,22838,23330
11/25/2016,23354,23526,23010,23305
11/28/2016,23428,23428,22616,22740
11/29/2016,22740,23231,22616,23059
11/30/2016,23108,23895,22862,23895
12/1/2016,23895,24165,23846,23993
12/2/2016,23944,24386,23698,24386
12/5/2016,24386,24510,23944,23944
12/6/2016,23944,23944,22322,22322
12/7/2016,22371,22862,22322,22616
12/8/2016,22912,23059,22715,22862
12/9/2016,22838,22961,22494,22740
12/12/2016,22740,22912,22616,22690
12/13/2016,22764,22813,22469,22715
12/14/2016,22715,23772,22641,23600
12/15/2016,23600,23846,23354,23796
12/16/2016,23796,24313,23796,24092
12/19/2016,24092,24436,23895,24092
12/20/2016,23993,24141,23870,24018
12/21/2016,24092,25468,24042,25321
12/22/2016,25419,25714,24927,25370
12/23/2016,25419,25468,25075,25222
12/26/2016,25566,25763,25321,25468
12/27/2016,25419,25419,24583,24731
12/28/2016,24780,25517,24780,25370
12/29/2016,25370,25812,25370,25419
12/30/2016,24829,25370,24829,25026
1/3/2017,25075,25517,24976,25222
1/4/2017,25222,25321,25075,25321
1/5/2017,25419,26255,25419,26206
1/6/2017,26550,26648,24731,25026
1/9/2017,24927,25222,24632,24927
1/10/2017,24927,25222,24927,25075
1/11/2017,25075,25468,24632,25468
1/12/2017,25321,25566,25075,25173
1/13/2017,24976,25173,24829,24829
1/16/2017,24780,24878,23502,24436
1/17/2017,24386,24386,23796,24337
1/18/2017,24239,24386,23502,23502
1/19/2017,23502,23772,23157,23206
1/20/2017,23206,24239,23206,23944
1/23/2017,24092,24288,23944,23944
1/24/2017,23944,24239,23944,24239
1/25/2017,24337,24436,24141,24436
2/2/2017,24534,24583,24116,24165
2/3/2017,24288,24386,24141,24141
2/6/2017,24141,24239,24042,24190
2/7/2017,24313,24436,24190,24214
2/8/2017,24436,24510,24239,24239
2/9/2017,24337,25222,24239,24878
2/10/2017,25026,25222,24682,24682
2/13/2017,24829,25173,24731,25173
2/14/2017,25272,25616,25173,25272
2/15/2017,25419,25419,24976,25075
2/16/2017,25075,25075,24460,24460
2/17/2017,24362,24436,23895,24436
2/20/2017,23993,24386,23796,24092
2/21/2017,24141,24436,23944,24288
2/22/2017,24190,24288,23649,23698
2/23/2017,23649,23796,23206,23526
2/24/2017,23551,23846,23502,23772
2/27/2017,24199,24199,23797,23872
2/28/2017,23872,24199,23722,23722
3/1/2017,23571,24048,23245,24048
3/2/2017,24098,24199,23747,24048
3/3/2017,23797,24023,23672,23747
3/6/2017,23747,23747,23295,23546
3/7/2017,23496,23847,23496,23772
3/8/2017,23822,23898,23646,23772
3/9/2017,23772,23847,23646,23747
3/10/2017,23747,23797,23546,23722
3/13/2017,23697,23697,23245,23245
3/14/2017,23345,23395,22918,22944
3/15/2017,22944,22969,22442,22918
3/16/2017,23094,23270,22994,22994
3/17/2017,23144,23144,22969,23019
3/20/2017,23094,24048,22994,23747
3/21/2017,23847,24249,23847,23923
3/22/2017,23948,23948,23621,23672
3/23/2017,23747,23847,23546,23646
3/24/2017,21497,22044,21406,21793
3/27/2017,21793,22022,21748,21976
3/28/2017,21976,22569,21976,22273
3/29/2017,22410,22569,22273,22364
3/30/2017,22410,22957,22341,22569
3/31/2017,22729,23003,22455,22592
4/3/2017,22592,22820,22455,22615
4/4/2017,22775,23505,22615,23505
4/5/2017,23505,23505,23049,23094
4/7/2017,22912,23688,22912,23642
4/10/2017,23870,23916,23551,23733
4/11/2017,23779,23870,23505,23505
4/12/2017,23459,23505,22364,22592
4/13/2017,22455,22912,22455,22524
4/14/2017,22455,22729,22044,22478
4/17/2017,22478,22638,21702,21725
4/18/2017,21725,21999,21542,21999
4/19/2017,21999,22410,21908,22318
4/20/2017,22364,22410,21953,21953
4/21/2017,21862,22113,21816,21839
4/24/2017,21771,21771,21314,21314
4/25/2017,21314,21542,21314,21542
4/26/2017,21542,22022,21497,21839
4/27/2017,21953,22181,21885,22159
4/28/2017,22159,22181,21862,22067
5/3/2017,21771,21999,21542,21839
5/4/2017,21862,22181,21862,22181
5/5/2017,22638,23049,22638,22661
5/8/2017,22638,22752,22318,22478
5/9/2017,22364,22569,22273,22546
5/10/2017,22638,22729,22501,22524
5/11/2017,22524,22729,22364,22364
5/12/2017,22592,22706,22478,22592
5/15/2017,22775,22775,22524,22569
5/16/2017,22524,22546,21953,21953
5/17/2017,21908,22273,21771,22090
5/18/2017,22044,22159,21816,22044
5/19/2017,22113,22136,21839,22113
5/22/2017,22250,22775,22227,22683
5/23/2017,22957,23094,22752,22820
5/24/2017,22912,23551,22775,23505
5/25/2017,23733,23733,23094,23140
5/26/2017,23231,23824,23186,23779
5/29/2017,25439,25439,25160,25439
5/30/2017,25439,25559,24441,24520
5/31/2017,24481,26198,24481,26198
6/1/2017,26198,26318,25758,25838
6/2/2017,25798,25798,25239,25559
6/5/2017,25639,26158,25559,25878
6/6/2017,25798,26677,25758,26597
6/7/2017,26677,27076,26358,26358
6/8/2017,26358,26477,25838,26038
6/9/2017,26038,26158,25559,25559
6/12/2017,25559,25559,24640,24840
6/13/2017,24880,25319,24840,25199
6/14/2017,25239,25479,25160,25359
6/15/2017,25359,25479,24960,25080
6/16/2017,25080,25279,25000,25120
6/19/2017,25279,25559,25199,25559
6/20/2017,25559,25719,25359,25359
6/21/2017,25399,25399,25080,25319
6/22/2017,25319,26198,25239,25838
6/23/2017,25838,26078,25719,25838
6/26/2017,25838,26078,25838,25878
6/27/2017,26038,26038,25479,25479
6/28/2017,25399,25599,25359,25439
6/29/2017,25439,25639,25279,25479
6/30/2017,25399,25958,25399,25878
7/3/2017,25958,27076,25958,26477
7/4/2017,26597,26757,26198,26238
7/5/2017,26238,26358,25918,26118
7/6/2017,26078,26517,26038,26318
7/7/2017,26557,26557,25878,25878
7/10/2017,25559,25918,25160,25319
7/11/2017,25319,25519,24640,25359
7/12/2017,25359,25479,24960,25199
7/13/2017,25160,25359,25080,25239
7/14/2017,25279,25599,25239,25239
7/17/2017,25279,25279,24441,24441
7/18/2017,24201,24401,23802,24001
7/19/2017,24281,24361,23402,23482
7/20/2017,23402,24121,23282,23922
7/21/2017,24041,24241,23642,23642
7/24/2017,23642,23642,23282,23362
7/25/2017,23402,23842,23362,23642
7/26/2017,23882,24281,23722,24041
7/27/2017,24121,24121,23762,23922
7/28/2017,23882,24441,23882,24041
7/31/2017,22763,23163,22364,22364
8/1/2017,21965,22763,21645,22204
8/2/2017,22044,22044,21366,21366
8/3/2017,21406,22084,21406,21805
8/4/2017,21965,22164,21805,22044
8/7/2017,22044,22164,21925,22005
8/8/2017,22044,22524,22005,22244
8/9/2017,22084,22404,21885,22244
8/10/2017,22124,22284,22044,22084
8/11/2017,22044,22404,21965,22204
8/14/2017,22204,22843,22204,22843
8/15/2017,23083,23083,22763,22923
8/16/2017,23003,23322,22883,23282
8/17/2017,23282,23322,22564,22684
8/18/2017,22524,22843,22484,22843
8/21/2017,22763,23003,22684,22684
8/22/2017,22763,23043,22723,22843
8/23/2017,22843,23083,22803,23003
8/24/2017,23003,23203,23003,23083
8/25/2017,23163,23322,23083,23322
8/28/2017,23402,23842,23282,23802
8/29/2017,23762,23882,23482,23482
8/30/2017,23482,23802,23402,23682
8/31/2017,23682,24161,23682,23842
9/1/2017,23922,23961,23682,23842
9/5/2017,23842,23842,23602,23682
9/6/2017,23642,23682,23442,23562
9/7/2017,23562,23642,22803,22883
9/8/2017,22883,22883,22684,22883
9/11/2017,22883,22963,22444,22444
9/12/2017,22564,22843,22444,22723
9/13/2017,22843,23003,22763,23003
9/14/2017,23083,23442,23043,23083
9/15/2017,23083,23522,23043,23442
9/18/2017,23522,23842,23522,23642
9/19/2017,23842,23842,23562,23642
9/20/2017,23642,23722,23402,23442
9/21/2017,23482,23642,23402,23442
9/22/2017,23482,23522,23003,23003
9/25/2017,23003,23003,22644,22723
9/26/2017,22763,23163,22604,23163
9/27/2017,23243,23282,22843,22843
9/28/2017,22843,23043,22723,22763
9/29/2017,22763,22883,22604,22843
10/2/2017,22923,23083,22684,22684
10/3/2017,22644,22723,22284,22524
10/4/2017,22564,22723,22484,22723
10/5/2017,22763,22763,22484,22484
10/6/2017,22404,22604,22404,22484
10/9/2017,22484,22763,22444,22524
10/10/2017,22604,23402,22524,23203
10/11/2017,23402,23402,22843,22923
10/12/2017,22843,23003,22604,22644
10/13/2017,22604,22843,22444,22604
10/16/2017,22484,22723,22284,22364
10/17/2017,22364,22484,22044,22124
10/18/2017,22124,22284,21525,21805
10/19/2017,21805,22005,21805,21925
10/20/2017,21965,22005,21605,21685
10/23/2017,21645,21725,21206,21326
10/24/2017,21326,21406,20687,20926
10/25/2017,20926,20926,19888,20008
10/26/2017,20287,20766,19888,20128
10/27/2017,20447,20447,18770,19409
10/30/2017,19409,19409,18051,18131
10/31/2017,18131,18890,17452,18490
11/1/2017,18450,18570,17572,17652
11/2/2017,17492,17851,16613,16853
11/3/2017,16773,18011,16733,17971
11/6/2017,18131,19009,18051,18610
11/7/2017,18610,18890,17891,18610
11/8/2017,18370,18770,18211,18770
11/9/2017,18770,18770,18211,18211
11/10/2017,18211,18570,18131,18370
11/13/2017,18370,18530,17931,18051
11/14/2017,18131,19089,18051,19049
11/15/2017,19089,19528,18810,19449
11/16/2017,19409,19528,19169,19249
11/17/2017,19249,19329,18770,18850
11/20/2017,18930,19009,18370,18490
11/21/2017,18610,18690,18290,18410
11/22/2017,18610,18890,18410,18890
11/23/2017,19049,19049,18490,18610
11/24/2017,18370,18850,18370,18610
11/27/2017,18770,19169,18730,19169
11/28/2017,19329,19409,18930,18969
11/29/2017,19009,19009,18730,18730
11/30/2017,18770,19449,18770,19009
12/1/2017,19089,19289,18930,19169
12/4/2017,19489,20487,19169,20487
12/5/2017,20846,21126,20128,20128
12/6/2017,20048,20886,19848,20647
12/7/2017,20926,21046,20168,20327
12/8/2017,20287,20327,19808,19888
12/11/2017,19568,19728,18770,18770
12/12/2017,18770,19169,17811,18850
12/13/2017,19169,19329,18930,19049
12/14/2017,18969,19089,18770,19089
12/15/2017,19009,19568,19009,19568
12/18/2017,19728,20008,19608,19648
12/19/2017,19808,20168,19528,19648
12/20/2017,19648,19808,19329,19409
12/21/2017,19409,19808,19409,19409
12/22/2017,19489,19568,18930,18930
12/25/2017,19049,19129,18850,19009
12/26/2017,19089,19409,18850,19289
12/27/2017,19169,19489,19129,19169
12/28/2017,19409,19409,19129,19249
12/29/2017,19169,19928,19009,19568
1/2/2018,19808,19888,19608,19688
1/3/2018,19808,20327,19768,20207
1/4/2018,20367,20647,20207,20567
1/5/2018,20567,20607,19968,20128
1/8/2018,19888,20287,19568,20207
1/9/2018,20168,21605,20168,21605
1/10/2018,22044,22604,21605,22005
1/11/2018,21965,22284,21406,22005
1/12/2018,21885,22524,21565,21885
1/15/2018,21805,22963,21565,22883
1/16/2018,22763,22883,21885,21885
1/17/2018,21565,21725,20367,20367
1/18/2018,19688,20367,19409,20367
1/19/2018,20527,20846,20327,20407
1/22/2018,20527,20926,20128,20806
1/25/2018,20727,20846,20088,20128
1/26/2018,20207,20607,20128,20327
1/29/2018,20367,21006,20367,20926
1/30/2018,20926,21006,20367,20766
1/31/2018,20687,21326,20128,20846
2/1/2018,21006,21006,20447,20487
2/2/2018,20647,20766,20327,20607
2/5/2018,20247,20367,19169,19169
2/6/2018,17931,19169,17851,18770
2/7/2018,19249,19888,19169,19369
2/8/2018,19329,19329,18330,18330
2/9/2018,17851,18131,17492,18051
2/12/2018,18370,18730,18171,18370
2/13/2018,18730,19089,18650,18930
2/21/2018,19169,19489,18850,19329
2/22/2018,19129,20048,18969,19608
2/23/2018,19928,20766,19928,20647
2/26/2018,20687,21006,19888,19888
2/27/2018,19808,20048,19369,19768
2/28/2018,19409,19648,19289,19409
3/1/2018,19409,20207,19209,19888
3/2/2018,19568,19888,19528,19648
3/5/2018,19568,19568,18650,18690
3/6/2018,18850,19648,18370,19648
3/7/2018,19489,20367,19409,19888
3/8/2018,19848,20327,19568,19568
3/9/2018,19688,19728,19329,19409
3/12/2018,19329,19409,18770,18810
3/13/2018,18770,19489,18530,19369
3/14/2018,19249,19568,18969,19089
3/15/2018,19009,19169,18650,19169
3/16/2018,19129,19129,18730,18730
3/19/2018,18969,19089,18650,18690
3/20/2018,18610,18930,18610,18690
3/21/2018,18770,18930,18610,18850
3/22/2018,18850,19089,18770,19009
3/23/2018,18610,18930,18450,18930
3/26/2018,18930,18930,18131,18131
3/27/2018,18211,18450,18211,18290
3/28/2018,18211,18290,18051,18290
3/29/2018,18091,18330,18091,18290
3/30/2018,18011,18211,17931,18211
4/2/2018,18290,18370,18091,18211
4/3/2018,18051,18131,17612,17771
4/4/2018,17731,18131,17731,18131
4/5/2018,18131,18131,17891,18051
4/6/2018,17971,18051,17771,17891
4/9/2018,17811,18211,17811,18211
4/10/2018,18290,18490,18051,18051
4/11/2018,18051,18131,17172,17452
4/12/2018,17412,17572,16653,16773
4/13/2018,16773,16773,15775,15775
4/16/2018,15615,15655,14976,15176
4/17/2018,15176,15894,15136,15894
4/18/2018,15615,15894,15535,15695
4/19/2018,15535,15535,14856,14856
4/20/2018,14936,15176,14457,14816
4/23/2018,14816,14816,13818,13818
4/24/2018,13418,13818,13299,13378
4/26/2018,13179,13578,12979,13059
4/27/2018,13019,13578,13019,13378
5/2/2018,12460,12779,12460,12460
5/3/2018,11741,12061,11621,11621
5/4/2018,11621,11941,11382,11422
5/7/2018,11502,11741,11422,11741
5/8/2018,11781,11821,11342,11342
5/9/2018,11302,12100,11302,12100
5/10/2018,12300,12460,11741,11901
5/11/2018,11901,12149,11818,11984
5/14/2018,12190,12190,11860,11942
5/15/2018,11901,12231,11860,11984
5/16/2018,11984,12149,11818,11818
5/17/2018,11818,11984,11570,11736
5/18/2018,11694,11818,11488,11570
5/21/2018,11446,11529,10826,10826
5/22/2018,10826,10909,10083,10083
5/23/2018,9752,10083,9380,10083
5/24/2018,10083,10124,9422,9711
5/25/2018,9669,9835,9463,9546
5/28/2018,9339,9752,8884,8884
5/29/2018,8512,9380,8471,9298
5/30/2018,9256,9546,8967,9174
5/31/2018,9546,9773,9454,9636
6/1/2018,9727,10273,9727,10273
6/4/2018,10727,10954,10636,10954
6/5/2018,11682,11682,11546,11682
6/6/2018,11818,11818,11364,11591
6/7/2018,11591,11636,11000,11182
6/8/2018,11000,11954,10818,11954
6/11/2018,11636,12500,11500,12091
6/12/2018,11773,12046,11454,11454
6/13/2018,11636,11818,11454,11636
6/14/2018,11864,12273,11818,12000
6/15/2018,12000,12091,11818,11909
6/18/2018,11909,12409,11454,11636
6/19/2018,11546,11636,10864,11091
6/20/2018,11364,11546,11046,11546
6/21/2018,11454,11454,11227,11273
6/22/2018,11273,11546,11091,11500
6/25/2018,11727,11727,11364,11364
6/26/2018,11364,11636,11182,11409
6/27/2018,11454,11954,11364,11454
6/28/2018,11454,11500,11000,11000
6/29/2018,11182,11227,11000,11000
7/2/2018,10909,10909,10273,10273
7/3/2018,10273,10318,9591,9591
7/4/2018,9591,9818,9273,9682
7/5/2018,9773,9773,9091,9136
7/6/2018,9091,9591,8909,9500
7/9/2018,9636,9727,9364,9454
7/10/2018,9454,9591,9136,9182
7/11/2018,9082,9091,8864,8864
7/12/2018,8727,9318,8654,9054
7/13/2018,9054,9364,9054,9136
7/16/2018,9273,9364,9054,9091
7/17/2018,9000,9182,9000,9182
7/18/2018,9273,9818,9136,9818
7/19/2018,10500,10500,10409,10500
7/20/2018,10636,10818,10318,10591
7/23/2018,10546,10636,10000,10000
7/24/2018,9909,10409,9909,10136
7/25/2018,10182,10364,9909,9909
7/26/2018,9909,10091,9818,9818
7/27/2018,9818,10091,9773,10000
7/30/2018,10046,10682,10000,10682
7/31/2018,10591,10773,10182,10227
8/1/2018,10273,10546,10182,10227
8/2/2018,10182,10227,9818,10046
8/3/2018,10046,10227,9864,9864
8/6/2018,10000,10000,9454,9500
8/7/2018,9364,9773,9364,9454
8/8/2018,9546,9636,9364,9409
8/9/2018,9364,9546,9364,9409
8/10/2018,9409,9500,9318,9409
8/13/2018,9727,10046,9727,10046
8/14/2018,10182,10318,9864,9864
8/15/2018,9909,10000,9682,9682
8/16/2018,9546,9909,9546,9727
8/17/2018,9909,9909,9546,9546
8/20/2018,9636,9682,9182,9318
8/21/2018,9318,9454,9273,9364
8/22/2018,9546,9636,9409,9409
8/23/2018,9409,9636,9364,9500
8/24/2018,9546,9954,9454,9773
8/27/2018,9818,10182,9818,10000
8/28/2018,10000,10091,9727,9773
8/29/2018,9727,9864,9636,9773
8/30/2018,9818,10091,9773,9954
8/31/2018,10000,10091,9773,9818
9/4/2018,9773,9818,9636,9682
9/5/2018,9636,9773,9591,9636
9/6/2018,9636,9682,9454,9500
9/7/2018,9500,9636,9409,9454
9/10/2018,9409,9727,9364,9546
9/11/2018,9546,9682,9500,9636
9/12/2018,9636,9818,9636,9727
9/13/2018,9818,10318,9682,10318
9/14/2018,10364,10636,10091,10091
9/17/2018,10091,10409,10091,10318
9/18/2018,10182,11000,10091,11000
9/19/2018,11182,11636,10954,11136
9/20/2018,11136,11409,11000,11364
9/21/2018,11364,11682,11182,11227
9/24/2018,11182,11409,11046,11182
9/25/2018,11000,11546,10954,11364
9/26/2018,11500,12000,11364,11636
9/27/2018,11773,11773,11500,11500
9/28/2018,11500,11773,11409,11500
10/1/2018,11500,12000,11409,11546
10/2/2018,11591,11727,11364,11409
10/3/2018,11454,11591,11000,11364
10/4/2018,11364,11500,11227,11454
10/5/2018,11454,11773,11364,11546
10/8/2018,11591,12136,11500,12091
10/9/2018,12091,12409,11954,11954
10/10/2018,12000,12046,11409,11409
10/11/2018,10818,11000,10636,10636
10/12/2018,10318,10727,10091,10636
10/15/2018,10636,10636,10136,10136
10/16/2018,10136,10454,10136,10364
10/17/2018,10727,10727,10409,10454
10/18/2018,10409,10636,10364,10591
10/19/2018,10364,10546,10182,10318
10/22/2018,10364,10454,10000,10000
10/23/2018,9909,9954,9318,9364
10/24/2018,9364,9546,9000,9000
10/25/2018,8636,8909,8454,8818
10/26/2018,9046,9409,8973,9091
10/29/2018,9000,9136,8864,9000
10/30/2018,8727,9082,8727,9018
10/31/2018,8391,8673,8391,8391
11/1/2018,8182,8182,7809,7809
11/2/2018,7682,7854,7264,7464
11/5/2018,7491,7909,7473,7909
11/6/2018,8000,8409,7927,7927
11/7/2018,7836,7982,7727,7727
11/8/2018,7900,7936,7773,7891
11/9/2018,7891,7891,7500,7518
11/12/2018,7500,7500,7182,7364
11/13/2018,7236,7364,7209,7218
11/14/2018,7218,7309,6909,6909
11/15/2018,6909,6909,6546,6546
11/16/2018,6636,6782,6636,6709
11/19/2018,6791,6927,6773,6873
11/20/2018,6818,7018,6736,6973
11/21/2018,6818,6991,6818,6936
11/22/2018,6954,6964,6727,6727
11/23/2018,6773,6773,6264,6318
11/26/2018,6364,6518,6364,6454
11/27/2018,6454,6518,6373,6409
11/28/2018,6373,6518,6364,6364
11/29/2018,6364,6446,6027,6036
11/30/2018,6009,6036,5727,6018
12/3/2018,6191,6436,6191,6436
12/4/2018,6654,6764,6564,6591
12/5/2018,6446,6582,6364,6509
12/6/2018,6509,6764,6454,6654
12/7/2018,6809,7082,6727,6973
12/10/2018,6973,6973,6827,6836
12/11/2018,6754,6827,6527,6591
12/12/2018,6600,6773,6600,6754
12/13/2018,6818,6854,6654,6691
12/14/2018,6691,6727,6591,6591
12/17/2018,6546,6627,6364,6364
12/18/2018,6273,6364,6246,6364
12/19/2018,6382,6564,6364,6364
12/20/2018,6364,6436,6346,6364
12/21/2018,6364,6364,6227,6227
12/24/2018,6227,6364,6009,6009
12/25/2018,5809,5900,5727,5818
12/26/2018,5818,5964,5418,5418
12/27/2018,5591,5791,5554,5791
12/28/2018,5954,6154,5909,5918
1/2/2019,5973,6073,5836,5873
1/3/2019,5782,5864,5627,5691
1/4/2019,5564,5709,5382,5609
1/7/2019,5773,5864,5654,5836
1/8/2019,5909,5909,5818,5854
1/9/2019,5882,6182,5882,6091
1/10/2019,6146,6318,6109,6236
1/11/2019,6236,6300,5909,6082
1/14/2019,6091,6409,6082,6136
1/15/2019,6182,6346,6164,6236
1/16/2019,6318,6318,6136,6154
1/17/2019,6154,6182,5991,6009
1/18/2019,6009,6100,5954,5954
1/21/2019,5954,6054,5909,5973
1/22/2019,5991,6036,5864,5864
1/23/2019,5864,5954,5818,5873
1/24/2019,5909,5964,5900,5909
1/25/2019,5909,6182,5900,6091
1/28/2019,6100,6227,6100,6100
1/29/2019,6109,6136,6046,6082
1/30/2019,6091,6118,6046,6046
1/31/2019,6091,6109,6000,6000
2/1/2019,6000,6036,5891,5891
2/11/2019,5954,6009,5900,5918
2/12/2019,5918,6327,5918,6327
2/13/2019,6636,6764,6546,6764
2/14/2019,6864,7091,6818,6909
2/15/2019,6800,7136,6746,7018
2/18/2019,7018,7100,6936,7000
2/19/2019,7000,7064,6818,6818
2/20/2019,6818,6836,6646,6700
2/21/2019,6727,6818,6664,6773
2/22/2019,6782,7246,6754,7246
2/25/2019,7546,7746,7454,7746
2/26/2019,7818,8264,7800,8100
2/27/2019,8091,8536,7864,8273
2/28/2019,8273,8446,7900,7918
3/1/2019,8173,8454,8000,8454
3/4/2019,8900,9046,8636,9046
3/5/2019,9091,9454,8873,9009
3/6/2019,8973,9091,8464,8700
3/7/2019,8646,8700,8364,8364
3/8/2019,8182,8409,8036,8409
3/11/2019,8546,8827,8546,8773
3/12/2019,9036,9036,8554,8591
3/13/2019,8636,8727,8364,8364
3/14/2019,8364,8546,8264,8546
3/15/2019,8536,8536,8182,8246
3/18/2019,8500,8627,8464,8473
3/19/2019,8473,8500,8273,8282
3/20/2019,8282,8500,8218,8318
3/21/2019,8482,8654,8327,8364
3/22/2019,8591,8591,8418,8509
3/25/2019,8364,8409,8254,8273
3/26/2019,8273,8391,8200,8236
3/27/2019,8327,8436,8282,8400
3/28/2019,8309,8846,8273,8646
3/29/2019,8718,8800,8546,8546
4/1/2019,8546,8627,8309,8336
4/2/2019,8409,8454,8300,8309
4/3/2019,8309,8454,8227,8446
4/4/2019,8527,8564,8418,8418
4/5/2019,8509,8546,8436,8436
4/8/2019,8436,8446,8327,8346
4/9/2019,8446,8446,8327,8327
4/10/2019,8291,8318,8236,8236
4/11/2019,8254,8327,8236,8264
4/12/2019,8309,8309,8254,8300
4/16/2019,8182,8200,7864,7864
4/17/2019,7864,7909,7318,7318
4/18/2019,7109,7182,6809,7000
4/19/2019,7000,7482,7000,7482
4/22/2019,7900,7920,7700,7700
4/23/2019,7600,7730,7600,7700
4/24/2019,7690,8030,7650,7990
4/25/2019,7990,8210,7930,7960
4/26/2019,7970,8060,7940,8000
5/2/2019,7950,8350,7900,8350
5/3/2019,8350,8590,8310,8360
5/6/2019,8250,8250,8090,8150
5/7/2019,8200,8230,8080,8150
5/8/2019,8010,8120,8000,8120
5/9/2019,8050,8130,8000,8000
5/10/2019,8080,8120,7990,8110
5/13/2019,8090,8300,8070,8210
5/14/2019,8120,8340,8120,8300
5/15/2019,8300,8350,8250,8270
5/16/2019,8270,8320,8210,8210
5/17/2019,8240,8250,8120,8120
5/20/2019,6995.7,7151.5,6987,7056.3
5/21/2019,7151.5,7151.5,7047.6,7047.6
5/22/2019,7064.9,7142.9,7047.6,7064.9
5/23/2019,7039,7134.2,7039,7108.2
5/24/2019,7108.2,7108.2,7013,7064.9
5/27/2019,7056.3,7359.3,7013,7186.1
5/28/2019,7238.1,7393.9,7238.1,7307.4
5/29/2019,7307.4,7385.3,7246.8,7264.1
5/30/2019,7229.4,7290,7160.2,7160.2
5/31/2019,7099.6,7160.2,7021.6,7039
6/3/2019,7021.6,7030.3,6761.9,6761.9
6/4/2019,6796.5,6883.1,6761.9,6770.6
6/5/2019,6848.5,6917.7,6727.3,6727.3
6/6/2019,6727.3,6753.2,6545.5,6614.7
6/7/2019,6623.4,6710,6606.1,6614.7
6/10/2019,6614.7,6744.6,6614.7,6710
6/11/2019,6744.6,6822.5,6718.6,6805.2
6/12/2019,6718.6,6822.5,6718.6,6735.9
6/13/2019,6710,6770.6,6701.3,6727.3
6/14/2019,6710,6770.6,6710,6770.6
6/17/2019,6761.9,6787.9,6649.4,6649.4
6/18/2019,6649.4,6701.3,6614.7,6666.7
6/19/2019,6710,6753.2,6640.7,6649.4
6/20/2019,6710,6787.9,6684,6684
6/21/2019,6684,6744.6,6675.3,6692.6
6/24/2019,6684,6744.6,6666.7,6666.7
6/25/2019,6666.7,6692.6,6562.8,6562.8
6/26/2019,6580.1,6623.4,6502.2,6502.2
6/27/2019,6502.2,6536.8,6355,6381
6/28/2019,6398.3,6424.2,6303,6424.2
7/1/2019,6458.9,6692.6,6458.9,6666.7
7/2/2019,6666.7,6753.2,6623.4,6640.7
7/3/2019,6640.7,6640.7,6502.2,6510.8
7/4/2019,6450.2,6519.5,6406.9,6493.5
7/5/2019,6493.5,6580.1,6415.6,6545.5
7/8/2019,6545.5,6554.1,6450.2,6476.2
7/9/2019,6476.2,6493.5,6458.9,6458.9
7/10/2019,6441.6,6502.2,6355,6355
7/11/2019,6355,6424.2,6251.1,6251.1
7/12/2019,6259.7,6363.6,6259.7,6320.3
7/15/2019,6320.3,6562.8,6285.7,6476.2
7/16/2019,6649.4,6727.3,6493.5,6606.1
7/17/2019,6666.7,6675.3,6588.7,6588.7
7/18/2019,6580.1,6658,6571.4,6597.4
7/19/2019,6623.4,6692.6,6623.4,6623.4
7/22/2019,6666.7,6666.7,6493.5,6493.5
7/23/2019,6493.5,6580.1,6484.8,6493.5
7/24/2019,6476.2,6571.4,6476.2,6484.8
7/25/2019,6484.8,6528.1,6467.5,6493.5
7/26/2019,6502.2,6536.8,6415.6,6415.6
7/29/2019,6476.2,6476.2,6320.3,6320.3
7/30/2019,6346.3,6355,6268.4,6303
7/31/2019,6320.3,6406.9,6320.3,6355
8/1/2019,6355,6389.6,6320.3,6329
8/2/2019,6320.3,6320.3,6259.7,6320.3
8/5/2019,6311.7,6320.3,6069.3,6103.9
8/6/2019,6086.6,6086.6,5887.4,5991.3
8/7/2019,6069.3,6077.9,5904.8,5904.8
8/8/2019,5904.8,5956.7,5870.1,5913.4
8/9/2019,5913.4,6000,5913.4,5974
8/12/2019,6008.7,6017.3,5930.7,5930.7
8/13/2019,5922.1,5922.1,5826.8,5844.2
8/14/2019,5887.4,5904.8,5844.2,5844.2
8/15/2019,5800.9,5826.8,5757.6,5826.8
8/16/2019,5844.2,5852.8,5740.3,5748.9
8/19/2019,5748.9,5800.9,5697,5714.3
8/20/2019,5714.3,5748.9,5688.3,5705.6
8/21/2019,5722.9,5852.8,5714.3,5852.8
8/22/2019,5922.1,6233.8,5913.4,6147.2
8/23/2019,6225.1,6294.4,6155.8,6155.8
8/26/2019,6069.3,6103.9,5922.1,5922.1
8/27/2019,5956.7,6026,5896.1,5939.4
8/28/2019,5930.7,5948.1,5844.2,5844.2
8/29/2019,5844.2,5887.4,5757.6,5783.6
8/30/2019,5826.8,5965.4,5800.9,5904.8
9/3/2019,5896.1,5956.7,5870.1,5870.1
9/4/2019,5870.1,5870.1,5766.2,5800.9
9/5/2019,5835.5,5844.2,5757.6,5757.6
9/6/2019,5800.9,5800.9,5705.6,5722.9
9/9/2019,5722.9,5766.2,5679.7,5740.3
9/10/2019,5679.7,5722.9,5584.4,5619
9/11/2019,5627.7,5748.9,5523.8,5748.9
9/12/2019,5748.9,5783.6,5679.7,5714.3
9/13/2019,5697,5722.9,5627.7,5636.4
9/16/2019,5636.4,5671,5558.4,5558.4
9/17/2019,5558.4,5697,5558.4,5636.4
9/18/2019,5636.4,5722.9,5619,5645
9/19/2019,5645,5705.6,5610.4,5619
9/20/2019,5619,5844.2,5619,5731.6
9/23/2019,5731.6,5783.6,5671,5671
9/24/2019,5653.7,5714.3,5645,5671
9/25/2019,5653.7,5697,5610.4,5610.4
9/26/2019,5627.7,5662.3,5601.7,5601.7
9/27/2019,5601.7,5705.6,5601.7,5662.3
9/30/2019,5662.3,5826.8,5653.7,5800.9
10/1/2019,5800.9,5956.7,5792.2,5939.4
10/2/2019,5991.3,6147.2,5974,6060.6
10/3/2019,6026,6138.5,5939.4,6138.5
10/4/2019,6190.5,6406.9,6155.8,6372.3
10/7/2019,6372.3,6398.3,6233.8,6285.7
10/8/2019,6303,6303,6190.5,6199.1
10/9/2019,6225.1,6363.6,6199.1,6233.8
10/10/2019,6320.3,6389.6,6242.4,6389.6
10/11/2019,6406.9,6528.1,6406.9,6415.6
10/14/2019,6476.2,6493.5,6337.7,6337.7
10/15/2019,6320.3,6337.7,6199.1,6199.1
10/16/2019,6233.8,6268.4,6060.6,6147.2
10/17/2019,6129.9,6225.1,6121.2,6207.8
10/18/2019,6147.2,6207.8,5982.7,5982.7
10/21/2019,5939.4,5982.7,5792.2,5818.2
10/22/2019,5800.9,6225.1,5800.9,6225.1
10/23/2019,6320.3,6424.2,6103.9,6103.9
10/24/2019,6199.1,6251.1,6147.2,6199.1
10/25/2019,6251.1,6303,6199.1,6233.8
10/28/2019,6398.3,6406.9,6268.4,6277.1
10/29/2019,6311.7,6311.7,6147.2,6147.2
10/30/2019,6147.2,6268.4,6103.9,6181.8
10/31/2019,6251.1,6519.5,6190.5,6190.5
11/1/2019,6190.5,6311.7,6190.5,6233.8
11/4/2019,6303,6303,6147.2,6164.5
11/5/2019,6164.5,6268.4,6138.5,6190.5
11/6/2019,6190.5,6467.5,6190.5,6363.6
11/7/2019,6406.9,6467.5,6372.3,6406.9
11/8/2019,6450.2,6467.5,6381,6381
11/11/2019,6363.6,6467.5,6320.3,6381
11/12/2019,6381,6822.5,6372.3,6822.5
11/13/2019,6839.8,6961,6710,6753.2
11/14/2019,6744.6,6995.7,6710,6787.9
11/15/2019,6770.6,6865.8,6666.7,6710
11/18/2019,6753.2,6848.5,6735.9,6839.8
11/19/2019,6969.7,7134.2,6935.1,7056.3
11/20/2019,7056.3,7099.6,6969.7,7013
11/21/2019,7004.3,7177.5,6961,7082.3
11/22/2019,7116.9,7134.2,6588.7,6588.7
11/25/2019,6597.4,6718.6,6458.9,6502.2
11/26/2019,6580.1,6632,6536.8,6562.8
11/27/2019,6623.4,6796.5,6580.1,6718.6
11/28/2019,6753.2,6796.5,6536.8,6606.1
11/29/2019,6623.4,6735.9,6588.7,6735.9
12/2/2019,6805.2,6917.7,6735.9,6796.5
12/3/2019,6813.9,7056.3,6744.6,6935.1
12/4/2019,6995.7,7082.3,6900.4,7013
12/5/2019,7004.3,7056.3,6796.5,6917.7
12/6/2019,6917.7,7021.6,6891.8,6952.4
12/9/2019,6952.4,7298.7,6952.4,7272.7
12/10/2019,7298.7,7333.3,7177.5,7264.1
12/11/2019,7272.7,7350.7,7134.2,7203.5
12/12/2019,7203.5,7324.7,7186.1,7324.7
12/13/2019,7359.3,7445.9,7255.4,7255.4
12/16/2019,7255.4,7316,7212.1,7290
12/17/2019,7290,7316,6935.1,7004.3
12/18/2019,6995.7,7064.9,6961,6987
12/19/2019,6987,7073.6,6987,7039
12/20/2019,7056.3,7264.1,7056.3,7238.1
12/23/2019,7238.1,7272.7,7064.9,7064.9
12/24/2019,7090.9,7160.2,7056.3,7064.9
12/25/2019,7125.5,7125.5,7013,7013
12/26/2019,7013,7090.9,6839.8,6839.8
12/27/2019,6874.5,6891.8,6735.9,6805.2
12/30/2019,6805.2,7013,6796.5,6883.1
12/31/2019,6969.7,6969.7,6640.7,6761.9
1/2/2020,6718.6,7090.9,6710,7090.9
1/3/2020,7099.6,7108.2,6891.8,6909.1
1/6/2020,6926.4,7056.3,6831.2,6943.7
1/7/2020,6943.7,7030.3,6857.1,6865.8
1/8/2020,6796.5,6883.1,6710,6813.9
1/9/2020,6891.8,7142.9,6891.8,7004.3
1/10/2020,7056.3,7142.9,7004.3,7004.3
1/13/2020,7047.6,7134.2,6857.1,6874.5
1/14/2020,6874.5,7030.3,6787.9,7013
1/15/2020,7090.9,7359.3,7073.6,7316
1/16/2020,7359.3,7445.9,7316,7376.6
1/17/2020,7376.6,7463.2,7186.1,7307.4
1/20/2020,7272.7,7290,7116.9,7186.1
1/21/2020,7229.4,7437.2,7212.1,7402.6
1/22/2020,7402.6,7870.1,7359.3,7774.9
1/30/2020,7619,7688.3,7402.6,7497.8
1/31/2020,7497.8,7549.8,7056.3,7056.3
2/3/2020,6753.2,7186.1,6597.4,7125.5
2/4/2020,7125.5,7186.1,6865.8,6883.1
2/5/2020,6926.4,6995.7,6900.4,6952.4
2/6/2020,6995.7,7203.5,6935.1,7151.5
2/7/2020,7151.5,7220.8,6995.7,7030.3
2/10/2020,6926.4,7073.6,6857.1,6943.7
2/11/2020,7056.3,7056.3,6787.9,6787.9
2/12/2020,6796.5,6935.1,6796.5,6822.5
2/13/2020,6831.2,6831.2,6675.3,6822.5
2/14/2020,6822.5,6978.4,6796.5,6978.4
2/17/2020,7013,7099.6,6987,7039
2/18/2020,7039,7125.5,6987,7047.6
2/19/2020,7064.9,7073.6,6978.4,6978.4
2/20/2020,6978.4,7220.8,6978.4,7220.8
2/21/2020,7272.7,7316,7056.3,7073.6
2/24/2020,6883.1,7013,6727.3,6727.3
2/25/2020,6571.4,6839.8,6571.4,6822.5
2/26/2020,6744.6,6787.9,6649.4,6710
2/27/2020,6753.2,6787.9,6684,6753.2
2/28/2020,6649.4,6684,6536.8,6580.1
3/2/2020,6580.1,6666.7,6519.5,6571.4
3/3/2020,6710,6718.6,6571.4,6571.4
3/4/2020,6571.4,6710,6554.1,6666.7
3/5/2020,6718.6,6787.9,6666.7,6666.7
3/6/2020,6623.4,6658,6580.1,6580.1
3/9/2020,6138.5,6320.3,6121.2,6121.2
3/10/2020,5800.9,6207.8,5783.6,6086.6
3/11/2020,6129.9,6181.8,5662.3,5671
3/12/2020,5324.7,5541.1,5281.4,5281.4
3/13/2020,4935.1,5281.4,4917.7,5108.2
3/16/2020,5047.6,5454.5,5047.6,5194.8
3/17/2020,5030.3,5359.3,5030.3,5359.3
3/18/2020,5454.5,5480.5,5290,5333.3
3/19/2020,5212.1,5264.1,5021.6,5142.9
3/20/2020,5142.9,5238.1,5004.3,5039
3/23/2020,4770.6,4831.2,4692.6,4692.6
3/24/2020,4588.7,4675.3,4381,4389.6
3/25/2020,4588.7,4588.7,4441.6,4528.1
3/26/2020,4484.8,4502.2,4242.4,4242.4
3/27/2020,4311.7,4502.2,4155.8,4329
3/30/2020,4155.8,4155.8,4026,4026
3/31/2020,4026,4190.5,3774.9,3939.4
4/1/2020,3896.1,4207.8,3896.1,4207.8
4/3/2020,4415.6,4502.2,4242.4,4502.2
4/6/2020,4632,4813.9,4554.1,4813.9
4/7/2020,4813.9,4848.5,4640.7,4822.5
4/8/2020,4640.7,4935.1,4640.7,4935.1
4/9/2020,4952.4,5082.3,4839.8,4848.5
4/10/2020,4831.2,4987,4779.2,4848.5
4/13/2020,4805.2,5064.9,4805.2,4891.8
4/14/2020,4978.4,5229.4,4978.4,5229.4
4/15/2020,5454.5,5593.1,5368,5593.1
4/16/2020,5610.4,5870.1,5541.1,5627.7
4/17/2020,5636.4,5870.1,5541.1,5870.1
4/20/2020,6060.6,6077.9,5766.2,5800.9
4/21/2020,5627.7,5722.9,5402.6,5402.6
4/22/2020,5281.4,5774.9,5281.4,5774.9
4/23/2020,6172.7,6172.7,6172.7,6172.7
4/24/2020,6600,6600,6409.1,6600
4/27/2020,6818.2,7000,6545.5,6727.3
4/28/2020,6809.1,6818.2,6645.5,6681.8
4/29/2020,6590.9,6727.3,6563.6,6681.8
5/4/2020,6690.9,7136.4,6609.1,6863.6
5/5/2020,7000,7100,6909.1,7000
5/6/2020,7045.5,7409.1,7000,7381.8
5/7/2020,7454.5,7509.1,7145.5,7209.1
5/8/2020,7200,7372.7,7100,7100
5/11/2020,7172.7,7409.1,7100,7172.7
5/12/2020,7090.9,7672.7,7063.6,7672.7
5/13/2020,8090.9,8209.1,8000,8209.1
5/14/2020,8181.8,8454.5,8100,8236.4
5/15/2020,8272.7,8309.1,7972.7,8045.5
5/18/2020,8181.8,8600,8081.8,8600
5/19/2020,8981.8,9136.4,8727.3,8818.2
5/20/2020,8636.4,8963.6,8636.4,8663.6
5/21/2020,8654.5,8718.2,8372.7,8427.3
5/22/2020,8400,8863.6,8272.7,8818.2
5/25/2020,8818.2,8981.8,8727.3,8900
5/26/2020,8954.5,8990.9,8872.7,8990.9
5/27/2020,9090.9,9454.5,9018.2,9136.4
5/28/2020,9363.6,9454.5,9181.8,9227.3
5/29/2020,9272.7,9272.7,8836.4,9063.6
6/1/2020,9090.9,9545.5,8863.6,9181.8
6/2/2020,9054.5,9081.8,8909.1,8909.1
6/3/2020,8918.2,9081.8,8745.5,9036.4
6/4/2020,9227.3,9227.3,9009.1,9018.2
6/5/2020,9000,9636.4,8945.5,9636.4
6/8/2020,10136.4,10272.7,9863.6,10272.7
6/9/2020,10636.4,10818.2,10181.8,10272.7
6/10/2020,10136.4,10318.2,9772.7,10045.5
6/11/2020,9909.1,10409.1,9363.6,9363.6
6/12/2020,8909.1,10000,8909.1,10000
6/15/2020,10272.7,10409.1,9590.9,9681.8
6/16/2020,9954.5,10090.9,9772.7,9954.5
6/17/2020,10000,10636.4,9772.7,10454.5
6/18/2020,10363.6,10636.4,10272.7,10318.2
6/19/2020,10454.5,10863.6,10318.2,10818.2
6/22/2020,10909.1,11181.8,10863.6,11000
6/23/2020,11181.8,11318.2,10636.4,10818.2
6/24/2020,10909.1,11045.5,10545.5,10636.4
6/25/2020,10636.4,11363.6,10363.6,11181.8
6/26/2020,11454.5,11590.9,11090.9,11136.4
6/29/2020,10909.1,11181.8,10545.5,10727.3
6/30/2020,10909.1,10909.1,10000,10409.1
7/1/2020,10363.6,10909.1,10272.7,10909.1
7/2/2020,11000,11045.5,10636.4,10681.8
7/3/2020,10681.8,11090.9,10636.4,10772.7
7/6/2020,10818.2,11000,10772.7,10818.2
7/7/2020,10909.1,11090.9,10727.3,10727.3
7/8/2020,10727.3,10818.2,10409.1,10545.5
7/9/2020,10590.9,10772.7,10545.5,10636.4
7/10/2020,10590.9,10909.1,10500,10681.8
7/13/2020,10818.2,10909.1,10681.8,10772.7
7/14/2020,10727.3,10818.2,10681.8,10727.3
7/15/2020,10772.7,10909.1,10636.4,10636.4
7/16/2020,10636.4,10681.8,10363.6,10454.5
7/17/2020,10454.5,10727.3,10409.1,10500
7/20/2020,10545.5,10636.4,10090.9,10181.8
7/21/2020,10318.2,10409.1,10000,10318.2
7/22/2020,10363.6,10409.1,10181.8,10181.8
7/23/2020,10090.9,10227.3,9863.6,10000
7/24/2020,9818.2,9954.5,9318.2,9500
7/27/2020,9181.8,9363.6,8836.4,8836.4
7/28/2020,8954.5,9454.5,8890.9,9454.5
7/29/2020,9181.8,9181.8,8800,8936.4
7/30/2020,8954.5,9318.2,8954.5,9027.3
7/31/2020,8754.5,9081.8,8636.4,8636.4
8/3/2020,8727.3,9227.3,8727.3,9227.3
8/4/2020,9454.5,9727.3,9318.2,9409.1
8/5/2020,9409.1,9909.1,9272.7,9681.8
8/6/2020,9590.9,9818.2,9500,9727.3
8/7/2020,9818.2,10181.8,9681.8,10181.8
8/10/2020,10363.6,10545.5,10181.8,10363.6
8/11/2020,10363.6,10454.5,10181.8,10363.6
8/12/2020,10409.1,10454.5,10090.9,10227.3
8/13/2020,10318.2,10454.5,10272.7,10363.6
8/14/2020,10318.2,10409.1,10090.9,10181.8
8/17/2020,10090.9,10363.6,10045.5,10318.2
8/18/2020,10363.6,10727.3,10272.7,10545.5
8/19/2020,10545.5,10681.8,10500,10500
8/20/2020,10500,10590.9,10318.2,10454.5
8/21/2020,10454.5,10590.9,10409.1,10590.9
8/24/2020,10818.2,10863.6,10636.4,10727.3
8/25/2020,10772.7,10818.2,10590.9,10636.4
8/26/2020,10636.4,10681.8,10545.5,10545.5
8/27/2020,10545.5,10681.8,10454.5,10590.9
8/28/2020,10681.8,10681.8,10363.6,10363.6
8/31/2020,10454.5,10545.5,10227.3,10272.7
9/1/2020,10272.7,10727.3,10272.7,10727.3
9/3/2020,10909.1,11090.9,10772.7,10863.6
9/4/2020,10681.8,10863.6,10636.4,10772.7
9/7/2020,10772.7,10818.2,10500,10500
9/8/2020,10545.5,10636.4,10409.1,10590.9
9/9/2020,10454.5,11090.9,10454.5,10954.5
9/10/2020,11136.4,11136.4,10772.7,10772.7
9/11/2020,10772.7,10954.5,10772.7,10818.2
9/14/2020,10863.6,11545.5,10863.6,11545.5
9/15/2020,11818.2,12181.8,11727.3,11818.2
9/16/2020,11818.2,12636.4,11772.7,12545.5
9/17/2020,12500,12636.4,12090.9,12227.3
9/18/2020,12227.3,12909.1,12227.3,12909.1
9/21/2020,13136.4,13181.8,12636.4,12636.4
9/22/2020,12545.5,13136.4,12500,12909.1
9/23/2020,13045.5,13090.9,12772.7,12909.1
9/24/2020,12772.7,13727.3,12727.3,13590.9
9/25/2020,13636.4,14000,13454.5,13863.6
9/28/2020,13863.6,14772.7,13863.6,14636.4
9/29/2020,14636.4,14681.8,13818.2,13818.2
9/30/2020,13909.1,14409.1,13500,14227.3
10/1/2020,14454.5,14954.5,14227.3,14363.6
10/2/2020,14454.5,14454.5,13500,14045.5
10/5/2020,14181.8,14409.1,13954.5,14045.5
10/6/2020,14181.8,14363.6,13909.1,14318.2
10/7/2020,14227.3,14909.1,14090.9,14363.6
10/8/2020,14545.5,14636.4,14227.3,14318.2
10/9/2020,14409.1,14454.5,14227.3,14272.7
10/12/2020,14409.1,14636.4,14181.8,14363.6
10/13/2020,14272.7,14500,13863.6,13954.5
10/14/2020,14000,14045.5,13636.4,13727.3
10/15/2020,13909.1,14045.5,13681.8,13727.3
10/16/2020,13727.3,13954.5,13590.9,13681.8
10/19/2020,13727.3,13772.7,13181.8,13318.2
10/20/2020,13318.2,14181.8,13272.7,14181.8
10/21/2020,14363.6,14363.6,13727.3,13818.2
10/22/2020,13863.6,14090.9,13772.7,14045.5
10/23/2020,14090.9,14272.7,14000,14000
10/26/2020,14000,14363.6,13863.6,13863.6
10/27/2020,13863.6,14000,13772.7,13954.5
10/28/2020,13863.6,13909.1,13545.5,13590.9
10/29/2020,13409.1,13681.8,13272.7,13454.5
10/30/2020,13636.4,13818.2,13454.5,13636.4
11/2/2020,13727.3,14500,13636.4,14500
11/3/2020,14636.4,15181.8,14590.9,15000
11/4/2020,15090.9,15227.3,14909.1,14954.5
11/5/2020,14954.5,15136.4,14727.3,14727.3
11/6/2020,14772.7,15409.1,14681.8,15318.2
11/9/2020,15545.5,16090.9,15409.1,16045.5
11/10/2020,16363.6,16363.6,15590.9,15636.4
11/11/2020,15818.2,16272.7,15636.4,16181.8
11/12/2020,16272.7,16318.2,15954.5,16181.8
11/13/2020,16090.9,16727.3,16045.5,16409.1
11/16/2020,16409.1,16636.4,16227.3,16500
11/17/2020,16681.8,17409.1,16545.5,17363.6
11/18/2020,17363.6,17681.8,17045.5,17318.2
11/19/2020,17090.9,17318.2,16863.6,17090.9
11/20/2020,17136.4,17181.8,16636.4,16727.3
11/23/2020,16090.9,16363.6,15909.1,16090.9
11/24/2020,16318.2,17000,16318.2,17000
11/25/2020,17000,17181.8,16454.5,16454.5
11/26/2020,16318.2,16818.2,16227.3,16818.2
11/27/2020,17000,17136.4,16681.8,16863.6
11/30/2020,17090.9,17090.9,16318.2,16363.6
12/1/2020,16090.9,16863.6,16090.9,16681.8
12/2/2020,16545.5,16590.9,16227.3,16318.2
12/3/2020,16363.6,16909.1,16318.2,16863.6
12/4/2020,17090.9,17136.4,16590.9,16727.3
12/7/2020,16909.1,17863.6,16818.2,17863.6
12/8/2020,18181.8,18500,18000,18272.7
12/9/2020,18318.2,18500,18045.5,18318.2
12/10/2020,18363.6,18545.5,17954.5,18090.9
12/11/2020,18318.2,18954.5,18090.9,18818.2
12/14/2020,19045.5,19454.5,18909.1,19272.7
12/15/2020,19090.9,19272.7,18818.2,19000
12/16/2020,19000,19181.8,18954.5,19045.5
12/17/2020,19045.5,19681.8,18818.2,19227.3
12/18/2020,19272.7,19909.1,19227.3,19772.7
12/21/2020,20181.8,20181.8,19318.2,19681.8
12/22/2020,19681.8,20136.4,19454.5,20000
12/23/2020,20318.2,20909.1,20045.5,20272.7
12/24/2020,20545.5,20545.5,19000,20045.5
12/25/2020,20181.8,20272.7,19681.8,20227.3
12/28/2020,20318.2,20681.8,19909.1,20181.8
12/29/2020,20000,20272.7,19909.1,19954.5
12/30/2020,19954.5,19954.5,19727.3,19772.7
12/31/2020,19681.8,20136.4,19681.8,20136.4
1/4/2021,20818.2,21545.5,20636.4,21545.5
1/5/2021,21681.8,22363.6,21545.5,21636.4
1/6/2021,22045.5,22045.5,21500,21545.5
1/7/2021,21545.5,22181.8,21409.1,21909.1
1/8/2021,21818.2,22409.1,21545.5,21909.1
1/11/2021,22045.5,22227.3,21681.8,21909.1
1/12/2021,21909.1,23000,21909.1,22818.2
1/13/2021,23181.8,23181.8,22590.9,22954.5
1/14/2021,22954.5,23000,22590.9,22772.7
1/15/2021,22818.2,23181.8,22818.2,23000
1/18/2021,23181.8,23863.6,23181.8,23181.8
1/19/2021,23181.8,23681.8,21590.9,22181.8
1/20/2021,22409.1,22590.9,20727.3,22363.6
1/21/2021,23090.9,23863.6,22590.9,23863.6
1/22/2021,23863.6,24727.3,23636.4,24090.9
1/25/2021,24090.9,24772.7,23818.2,24409.1
1/26/2021,24363.6,24363.6,22727.3,22863.6
1/27/2021,22909.1,23409.1,21318.2,21318.2
1/28/2021,19863.6,20454.5,19863.6,19863.6
1/29/2021,18590.9,21227.3,18590.9,21227.3
2/1/2021,21363.6,22363.6,20000,20000
2/2/2021,20181.8,20772.7,19545.5,20772.7
2/3/2021,21181.8,22000,20727.3,21727.3
2/4/2021,21727.3,22227.3,21363.6,21727.3
2/5/2021,21818.2,22136.4,21590.9,21818.2
2/8/2021,21909.1,22863.6,20454.5,21363.6
2/9/2021,21454.5,21954.5,21090.9,21818.2
2/17/2021,22409.1,23181.8,22318.2,23136.4
2/18/2021,22818.2,23181.8,22590.9,22636.4
2/19/2021,22409.1,23181.8,22409.1,22863.6
2/22/2021,23045.5,23818.2,22954.5,23409.1
2/23/2021,23636.4,23772.7,23181.8,23363.6
2/24/2021,23681.8,23863.6,23136.4,23227.3
2/25/2021,23500,23590.9,23181.8,23454.5
2/26/2021,23090.9,24227.3,23090.9,24090.9
3/1/2021,24727.3,25590.9,24454.5,25454.5
3/2/2021,25818.2,25863.6,25272.7,25363.6
3/3/2021,25318.2,25909.1,25181.8,25545.5
3/4/2021,25636.4,26272.7,25000,25181.8
3/5/2021,25136.4,25636.4,24818.2,25409.1
3/8/2021,25818.2,26636.4,25409.1,26227.3
3/9/2021,25909.1,26318.2,25727.3,25727.3
3/10/2021,25681.8,25818.2,25090.9,25545.5
3/11/2021,25772.7,26000,25500,25863.6
3/12/2021,25954.5,26090.9,25636.4,25636.4
3/15/2021,25818.2,25954.5,25590.9,25590.9
3/16/2021,25727.3,25909.1,25454.5,25727.3
3/17/2021,25909.1,26090.9,25727.3,25818.2
3/18/2021,26090.9,26272.7,25909.1,26090.9
3/19/2021,26090.9,26818.2,26000,26454.5
3/22/2021,26545.5,26681.8,26136.4,26136.4
3/23/2021,26090.9,26454.5,25681.8,26000
3/24/2021,25636.4,25954.5,24636.4,24636.4
3/25/2021,24954.5,25227.3,24545.5,24818.2
3/26/2021,24727.3,25136.4,23727.3,24863.6
3/29/2021,25090.9,25181.8,24818.2,25136.4
3/30/2021,25363.6,25363.6,24954.5,25318.2
3/31/2021,25363.6,26045.5,25272.7,25818.2
4/1/2021,26318.2,26500,26090.9,26363.6
4/2/2021,26636.4,26727.3,26136.4,26272.7
4/5/2021,26454.5,26545.5,26000,26227.3
4/6/2021,26090.9,26363.6,25909.1,25909.1
4/7/2021,25909.1,26818.2,25772.7,26590.9
4/8/2021,26772.7,27045.5,26590.9,26863.6
4/9/2021,26863.6,27545.5,26818.2,27409.1
4/12/2021,27545.5,27681.8,27409.1,27545.5
4/13/2021,27500,27636.4,26636.4,26636.4
4/14/2021,26363.6,27454.5,26000,27227.3
4/15/2021,27454.5,28954.5,27000,28681.8
4/16/2021,28727.3,29045.5,27727.3,28590.9
4/19/2021,29000,29727.3,28500,29590.9
4/20/2021,29590.9,29681.8,28454.5,28681.8
4/22/2021,28590.9,29000,26681.8,26681.8
4/23/2021,26909.1,27454.5,26454.5,27409.1
4/26/2021,27454.5,28227.3,27363.6,27454.5
4/27/2021,27454.5,29000,27454.5,28545.5
4/28/2021,28545.5,29045.5,28045.5,28454.5
4/29/2021,28727.3,29409.1,28454.5,28863.6
5/4/2021,28363.6,30636.4,28181.8,30545.5
5/5/2021,30772.7,31363.6,30454.5,30454.5
5/6/2021,30181.8,32181.8,30136.4,31727.3
5/7/2021,31409.1,33772.7,31409.1,33363.6
5/10/2021,33500,35636.4,33363.6,35636.4
5/11/2021,35636.4,36000,34000,34318.2
5/12/2021,34000,34681.8,33681.8,34636.4
5/13/2021,34818.2,35454.5,34000,34000
5/14/2021,34090.9,34545.5,33227.3,33454.5
5/17/2021,33272.7,34409.1,32545.5,34090.9
5/18/2021,34727.3,35636.4,34545.5,34954.5
5/19/2021,35318.2,35818.2,35000,35181.8
5/20/2021,34727.3,35181.8,34590.9,34590.9
5/21/2021,34090.9,34863.6,34045.5,34454.5
5/24/2021,34818.2,35363.6,34545.5,34545.5
5/25/2021,34545.5,36681.8,34363.6,36545.5
5/26/2021,36727.3,37090.9,36136.4,36363.6
5/27/2021,36272.7,37636.4,36227.3,36636.4
5/28/2021,37227.3,37727.3,36636.4,37500
5/31/2021,38909.1,39909.1,38090.9,39909.1
6/1/2021,40363.6,41181.8,39545.5,39545.5
6/2/2021,39000,39909.1,38727.3,39363.6
6/3/2021,39545.5,40909.1,39090.9,40454.5
6/4/2021,40500,42136.4,40454.5,41909.1
6/7/2021,42272.7,42727.3,40454.5,41272.7
6/8/2021,41272.7,41727.3,38409.1,38409.1
6/9/2021,38454.5,39818.2,37454.5,39272.7
6/10/2021,38954.5,40272.7,38909.1,39545.5
6/11/2021,39545.5,40454.5,39227.3,40045.5
6/14/2021,40909.1,41090.9,40454.5,40818.2
6/15/2021,41900,42400,41300,41850
6/16/2021,41800,41800,40000,40500
6/17/2021,39600,42000,39600,41800
6/18/2021,42000,43050,41500,43000
6/21/2021,42900,43400,42000,42200
6/22/2021,42300,42500,41700,41800
6/23/2021,41800,41800,40950,41150
6/24/2021,41150,41500,40300,40500
6/25/2021,40650,41450,39900,41300
6/28/2021,42500,43350,42250,42750
6/29/2021,42950,42950,41650,42000
6/30/2021,42000,42550,41700,41900
7/1/2021,42050,42800,41850,42600
7/2/2021,43000,43000,42300,42400
7/5/2021,42500,42500,41000,41600
7/6/2021,41700,42450,38700,38700
7/7/2021,39000,39650,37950,38900
7/8/2021,39050,39200,36900,37100
7/9/2021,36700,37600,34600,35450
7/12/2021,34700,34850,33000,33000
7/13/2021,33600,34100,33000,33950
7/14/2021,34550,35050,33400,34400
7/15/2021,34100,36000,34050,36000
7/16/2021,36000,36400,35200,35500
7/19/2021,34000,34600,33100,33100
7/20/2021,33500,35400,32500,35400
7/21/2021,36700,36700,35500,35800
7/22/2021,35650,36650,35500,36300
7/23/2021,35950,36250,34900,34950
7/26/2021,34600,35000,33400,34400
7/27/2021,35300,36100,34900,35700
7/28/2021,35400,36300,35400,35900
7/29/2021,35950,37150,35900,36900
7/30/2021,36900,37600,36800,37300
8/2/2021,36900,38150,36800,37400
8/3/2021,37500,37800,36400,37000
8/4/2021,37100,37700,36950,37500
8/5/2021,37350,38600,37100,38600
8/6/2021,38600,38600,38000,38000
8/9/2021,37600,38950,37450,38800
8/10/2021,39200,39600,38500,38750
8/11/2021,39000,39100,38200,38250
8/12/2021,38000,38500,37500,37550
8/13/2021,37500,37700,36350,37500
8/16/2021,38000,38350,37550,38100
8/17/2021,38350,39900,38350,39800
8/18/2021,39750,40650,39600,39900
8/19/2021,40050,40600,39950,40450
8/20/2021,40200,40350,37700,38750
8/23/2021,38100,38600,37500,37500
8/24/2021,37500,38050,37000,37600
8/25/2021,37700,38950,37450,38700
8/26/2021,38950,39000,37900,38100
8/27/2021,37700,38450,37300,38250
8/30/2021,38500,39800,38400,39700
8/31/2021,40300,40500,39100,39900
9/1/2021,39150,40400,39150,40050
9/6/2021,40500,42850,40450,42850
9/7/2021,43500,43700,42100,42100
9/8/2021,42100,43800,41750,43450
9/9/2021,43900,45250,43550,44900
9/10/2021,45000,45450,44200,44900
9/13/2021,45000,45200,43650,43800
9/14/2021,43650,44450,43650,43750
9/15/2021,43600,46800,43350,46750
9/16/2021,47100,47900,46150,47000
9/17/2021,47000,48300,46650,47000
9/20/2021,47500,47600,45000,45000
9/21/2021,44000,46800,44000,46700
9/22/2021,46800,47100,46100,46600
9/23/2021,46800,47550,46000,46500
9/24/2021,46300,46800,45000,45400
9/27/2021,45900,46300,44000,44000
9/28/2021,44000,46200,43550,46000
9/29/2021,45500,46500,45500,45900
9/30/2021,46050,47200,46050,46500
10/1/2021,46100,47300,46050,46750
10/4/2021,47400,48850,47150,48650
10/5/2021,48650,48700,47850,47850
10/6/2021,48000,48750,47850,48350
10/7/2021,48450,48500,47500,47600
10/8/2021,47750,48300,47400,47650
10/11/2021,48000,48700,47500,47850
10/12/2021,48100,48350,47700,48350
10/13/2021,48500,48800,47850,48100
10/14/2021,48100,48800,48000,48450
10/15/2021,48650,50300,48650,49750
10/18/2021,50100,51300,49600,49850
10/19/2021,49700,49900,49000,49300
10/20/2021,49500,49550,48300,49200
10/21/2021,49500,49900,48900,49400
10/22/2021,49650,49650,48800,49000
10/25/2021,48900,49000,47000,47000
10/26/2021,46500,47800,46000,47650
10/27/2021,47950,48200,47450,48050
10/28/2021,48600,48600,47750,48000
10/29/2021,48300,48400,46850,47400
11/1/2021,47500,47600,45850,46000
11/2/2021,46000,46950,45650,45800
11/3/2021,46000,46200,44500,44950
11/4/2021,45000,46200,44500,45800
11/5/2021,46100,47000,45300,46450
11/8/2021,46500,46800,45750,46050
11/9/2021,46200,46500,45650,45650
11/10/2021,45400,45650,44400,44500
11/11/2021,44100,44400,43000,43500
11/12/2021,43500,45050,43500,44700
11/15/2021,44700,44750,43550,43700
11/16/2021,43400,44400,43050,43100
11/17/2021,43100,43700,42500,42500
11/18/2021,42300,42400,39900,39900
11/19/2021,39800,39900,37150,37500
11/22/2021,37500,39100,37500,38400
11/23/2021,38600,39350,38500,39100
11/24/2021,39150,39150,37800,37950
11/25/2021,38000,39350,38000,39000
11/26/2021,39300,40500,39300,39750
11/29/2021,38850,39500,38850,38900
11/30/2021,39200,40350,38800,39550
12/1/2021,39550,40100,39200,39300
12/2/2021,39700,39800,39250,39400
12/3/2021,39550,39550,37500,37500
12/6/2021,37100,37800,34900,34900
12/7/2021,35900,36450,34900,36100
12/8/2021,36800,36800,35450,35500
12/9/2021,35450,36050,35200,35450
12/10/2021,35650,35750,34500,34500
12/13/2021,34600,35400,34550,35150
12/14/2021,35200,37600,35150,37600
12/15/2021,37950,38500,37500,37500
12/16/2021,37500,37850,36800,37150
12/17/2021,37100,37100,36100,36100
12/20/2021,36000,36600,35600,35700
12/21/2021,35500,35650,34600,34850
12/22/2021,34900,35400,34100,34350
12/23/2021,34500,35100,33050,35100
12/24/2021,36000,36450,35250,35700
12/27/2021,36000,36000,35100,35250
12/28/2021,35100,36250,34900,35900
12/29/2021,35900,37350,35650,36900
12/30/2021,37200,37350,36600,36900
12/31/2021,36900,37850,36700,37400
1/4/2022,37750,38400,37400,37500
1/5/2022,37650,38100,36950,37000
1/6/2022,36800,36800,35600,35800
1/7/2022,35600,36250,35200,35350
1/10/2022,35700,36400,35300,35350
1/11/2022,35600,35950,34600,34600
1/12/2022,34600,35500,34300,35200
1/13/2022,35550,36800,35200,36100
1/14/2022,35500,36500,35300,35450
1/17/2022,35350,35550,33000,33000
1/18/2022,33300,34000,31200,33150
1/19/2022,33500,33600,32750,33000
1/20/2022,32800,33600,31900,33400
1/21/2022,33350,33350,32300,32300
1/24/2022,32250,32250,30050,30050
1/25/2022,30000,30900,29500,30800
1/26/2022,31300,31700,30900,30900
1/27/2022,31200,31500,30000,30300
1/28/2022,30600,30950,30300,30350
2/7/2022,31000,32100,30400,31900
2/8/2022,31600,34100,31550,34100
2/9/2022,34750,36450,34500,36450
2/10/2022,36950,37600,36150,36400
2/11/2022,36050,37500,35700,37100
2/14/2022,36550,38000,36300,36300
2/15/2022,36350,36800,34900,35950
2/16/2022,36000,36450,35550,36450
2/17/2022,36500,37200,36200,36600
2/18/2022,36200,37700,36100,37250
2/21/2022,37450,37700,36650,36750
2/22/2022,36000,36450,35050,35800
2/23/2022,35800,36900,35750,36550
2/24/2022,36550,37100,34800,35550
2/25/2022,36300,36300,35500,35850
2/28/2022,36200,38350,36000,38350
3/1/2022,39600,40800,38800,39000
3/2/2022,38900,39900,38900,39650
3/3/2022,40200,42250,40000,42100
3/4/2022,42400,42400,40700,40800
3/7/2022,41500,43500,41300,42450
3/8/2022,41700,42400,40150,40400
3/9/2022,41100,41950,39750,41450
3/10/2022,41200,42100,40650,40950
3/11/2022,41000,41600,39200,39650
3/14/2022,40500,40800,38000,38000
3/15/2022,38000,38700,36700,37200
3/16/2022,37600,38050,37150,37350
3/17/2022,37700,37900,36550,36650
3/18/2022,37100,38100,36650,37850
3/21/2022,38550,39200,38100,38200
3/22/2022,38200,38850,37100,38800
3/23/2022,39000,39300,37950,37950
3/24/2022,38150,38250,37500,37550
3/25/2022,37600,38500,37100,37850
3/28/2022,37700,38500,37300,37800
3/29/2022,38150,38150,37450,37550
3/30/2022,37100,37750,36250,36300
3/31/2022,36600,37000,34600,35000
4/1/2022,34800,35900,34800,35750
4/4/2022,36100,36150,35600,35650
4/5/2022,35750,36150,35600,35650
4/6/2022,35400,36700,35400,35950
4/7/2022,36000,36300,35200,35300
4/8/2022,35650,35650,32850,32850
4/12/2022,33900,34300,32800,32800
4/13/2022,33050,33500,32200,33100
4/14/2022,33350,34100,33050,33200
4/15/2022,33300,34450,33200,33200
4/18/2022,33000,33200,31100,31100
4/19/2022,31800,31900,30050,30300
4/20/2022,30100,31000,30000,30100
4/21/2022,29200,30600,28600,30100
4/22/2022,30300,30800,29000,30200
4/25/2022,30000,30500,28100,28100
4/26/2022,27000,28400,26450,28400
4/27/2022,28000,29000,27700,28900
4/28/2022,28600,29350,28350,28350
4/29/2022,28300,28850,28250,28300
5/4/2022,26700,27350,26350,26350
5/5/2022,26350,26850,24550,24650
5/6/2022,23200,26350,23200,26000
5/9/2022,25100,25900,24200,24200
5/10/2022,23000,24850,22750,24600
5/11/2022,24600,25250,23950,24500
5/12/2022,24100,24400,22800,22800
5/13/2022,22500,23200,21250,21250
5/16/2022,21000,22150,19800,19800
5/17/2022,19000,21150,18650,21150
5/18/2022,21500,22100,21350,21400
5/19/2022,20900,21450,20650,20950
5/20/2022,20950,21750,20500,21500
5/23/2022,21750,22200,20800,21150
5/24/2022,21200,21250,19700,20200
5/25/2022,20250,21350,19750,21200
5/26/2022,21500,22000,21300,21700
5/27/2022,21900,23200,21700,23200
5/30/2022,23500,23600,22850,23050
5/31/2022,23000,23050,22600,22800
6/1/2022,22700,23100,22200,22600
6/2/2022,22500,22800,21400,21650
6/3/2022,21750,22500,21500,22100
6/6/2022,22050,22400,21250,21500
6/7/2022,21300,21400,20000,20450
6/8/2022,20500,21350,20350,21000
6/9/2022,21250,22450,20950,22300
6/10/2022,21900,22800,21650,21650
6/13/2022,20650,21000,20150,20150
6/14/2022,19250,19750,18750,18750
6/15/2022,18500,18950,17450,17450
6/16/2022,18100,18150,16750,17000
6/17/2022,16200,16800,15850,15850
6/20/2022,15600,16100,14750,14750
6/21/2022,13800,15150,13800,14150
6/22/2022,14600,15100,14350,15100
6/23/2022,15200,15250,14700,15150
6/24/2022,15300,16200,15150,15900
6/27/2022,16100,17000,15650,17000
6/28/2022,17000,17300,16650,16750
6/29/2022,16450,17650,16350,17250
6/30/2022,17600,17800,16100,16100
7/1/2022,16100,17050,15400,16900
